0.056,4,949C,3.37,3.8,1.99,1.9,DBA4,0.52,5.3,2.12,2.03,4818,0.65,2.49,2.1,2.96,5303,5.08,6.6,2.29,4.12,2.12,4.78,0.99,41
0.159,4,949C,3.37,3.8,1.99,1.82,DBA4,0.52,5.3,2.12,2.05,4818,0.65,2.49,2.1,3.03,5303,5.08,6.6,2.29,3.97,2.09,4.7,0.99,38
0.26,4,949C,3.37,3.8,1.99,1.82,DBA4,0.52,5.3,2.12,2.07,4818,0.65,2.49,2.1,3.04,5303,5.08,6.6,2.29,4.08,2.13,4.74,1.0,39
0.404,4,949C,3.37,3.8,1.99,1.82,DBA4,0.52,5.3,2.12,2.05,4818,0.65,2.49,2.1,3.06,5303,5.08,6.6,2.29,4.08,2.08,4.64,1.0,38
0.466,4,949C,3.37,3.8,1.99,1.86,DBA4,0.52,5.3,2.12,2.05,4818,0.65,2.49,2.1,3.03,870E,5.08,4.68,2.38,3.47,2.06,4.69,0.95,44
0.556,4,949C,3.37,3.8,1.99,1.82,DBA4,0.52,5.3,2.12,2.07,4B05,2.07,6.9,2.01,2.69,4818,0.65,2.49,2.1,3.03,2.13,4.66,0.88,31
0.68,4,949C,3.37,3.8,1.99,1.8,DBA4,0.52,5.3,2.12,2.08,4818,0.65,2.49,2.1,2.98,870E,5.08,4.68,2.38,3.46,2.1,4.69,0.86,42
0.772,4,949C,3.37,3.8,1.99,1.86,DBA4,0.52,5.3,2.12,2.07,4818,0.65,2.49,2.1,3.05,5303,5.08,6.6,2.29,4.1,2.13,4.74,0.89,40
0.884,4,949C,3.37,3.8,1.99,1.87,DBA4,0.52,5.3,2.12,2.02,4818,0.65,2.49,2.1,3.11,5303,5.08,6.6,2.29,4.08,2.08,4.65,0.91,36
1.033,4,949C,3.37,3.8,1.99,1.83,DBA4,0.52,5.3,2.12,2.04,4818,0.65,2.49,2.1,3.23,870E,5.08,4.68,2.38,3.44,2.07,4.76,0.88,50
1.061,4,949C,3.37,3.8,1.99,1.84,DBA4,0.52,5.3,2.12,2.02,4818,0.65,2.49,2.1,3.02,5303,5.08,6.6,2.29,4.07,2.1,4.79,0.93,40
1.162,4,949C,3.37,3.8,1.99,1.87,DBA4,0.52,5.3,2.12,2.03,4818,0.65,2.49,2.1,2.95,5303,5.08,6.6,2.29,4.09,2.11,4.79,0.95,40
1.275,4,949C,3.37,3.8,1.99,1.89,DBA4,0.52,5.3,2.12,2.01,4818,0.65,2.49,2.1,3.06,5303,5.08,6.6,2.29,4.12,2.13,4.82,0.97,40
1.357,4,949C,3.37,3.8,1.99,1.81,DBA4,0.52,5.3,2.12,2.14,4818,0.65,2.49,2.1,3.04,5303,5.08,6.6,2.29,4.08,2.16,4.82,0.97,40
1.532,4,949C,3.37,3.8,1.99,1.8,DBA4,0.52,5.3,2.12,2.0,4818,0.65,2.49,2.1,3.03,5303,5.08,6.6,2.29,4.08,2.17,4.84,1.01,43
1.562,4,949C,3.37,3.8,1.99,1.82,DBA4,0.52,5.3,2.12,2.04,4818,0.65,2.49,2.1,3.03,5303,5.08,6.6,2.29,4.09,2.18,4.85,1.03,39
1.676,4,949C,3.37,3.8,1.99,1.81,DBA4,0.52,5.3,2.12,2.09,4818,0.65,2.49,2.1,3.05,5303,5.08,6.6,2.29,4.04,2.13,4.72,1.01,36
1.776,4,949C,3.37,3.8,1.99,1.83,DBA4,0.52,5.3,2.12,2.05,4818,0.65,2.49,2.1,3.01,5303,5.08,6.6,2.29,4.11,2.15,4.75,1.02,40
1.891,4,949C,3.37,3.8,1.99,1.8,DBA4,0.52,5.3,2.12,2.09,4818,0.65,2.49,2.1,3.02,5303,5.08,6.6,2.29,4.06,2.17,4.77,1.02,40
1.956,4,949C,3.37,3.8,1.99,1.85,DBA4,0.52,5.3,2.12,2.02,4818,0.65,2.49,2.1,3.06,5303,5.08,6.6,2.29,4.01,2.12,4.69,1.02,39
2.079,4,949C,3.37,3.8,1.99,1.85,DBA4,0.52,5.3,2.12,2.09,4818,0.65,2.49,2.1,2.92,5303,5.08,6.6,2.29,4.01,2.12,4.69,1.0,40
2.186,4,949C,3.37,3.8,1.99,1.84,DBA4,0.52,5.3,2.12,2.03,4818,0.65,2.49,2.1,2.99,5303,5.08,6.6,2.29,4.18,2.14,4.73,1.01,42
2.257,4,949C,3.37,3.8,1.99,1.85,DBA4,0.52,5.3,2.12,2.02,4818,0.65,2.49,2.1,3.05,5303,5.08,6.6,2.29,4.1,2.15,4.77,1.02,40
2.427,4,949C,3.37,3.8,1.99,1.91,DBA4,0.52,5.3,2.12,2.03,4818,0.65,2.49,2.1,2.95,5303,5.08,6.6,2.29,4.38,2.14,4.78,1.01,41
2.48,4,949C,3.37,3.8,1.99,1.85,DBA4,0.52,5.3,2.12,2.04,4818,0.65,2.49,2.1,2.95,5303,5.08,6.6,2.29,4.09,2.14,4.78,1.01,40
2.559,4,949C,3.37,3.8,1.99,1.8,DBA4,0.52,5.3,2.12,2.05,4818,0.65,2.49,2.1,3.1,5303,5.08,6.6,2.29,4.14,2.18,4.82,1.04,44
2.662,4,949C,3.37,3.8,1.99,1.88,DBA4,0.52,5.3,2.12,2.02,4818,0.65,2.49,2.1,2.93,5303,5.08,6.6,2.29,4.13,2.16,4.81,1.03,40
2.756,4,949C,3.37,3.8,1.99,1.88,DBA4,0.52,5.3,2.12,2.02,4818,0.65,2.49,2.1,3.04,5303,5.08,6.6,2.29,4.07,2.1,4.71,1.01,36
2.872,4,949C,3.37,3.8,1.99,1.87,DBA4,0.52,5.3,2.12,2.1,4818,0.65,2.49,2.1,2.92,5303,5.08,6.6,2.29,4.03,2.11,4.71,0.99,41
2.959,4,949C,3.37,3.8,1.99,1.82,DBA4,0.52,5.3,2.12,2.0,4818,0.65,2.49,2.1,3.01,5303,5.08,6.6,2.29,4.1,2.13,4.75,1.02,42
3.062,4,949C,3.37,3.8,1.99,1.86,DBA4,0.52,5.3,2.12,2.07,4818,0.65,2.49,2.1,2.95,5303,5.08,6.6,2.29,4.09,2.13,4.75,1.01,41
3.168,4,949C,3.37,3.8,1.99,1.87,DBA4,0.52,5.3,2.12,2.05,4818,0.65,2.49,2.1,3.04,5303,5.08,6.6,2.29,4.07,2.15,4.78,1.01,41
3.309,4,949C,3.37,3.8,1.99,1.82,DBA4,0.52,5.3,2.12,2.02,4818,0.65,2.49,2.1,3.02,5303,5.08,6.6,2.29,4.16,2.16,4.81,1.03,40
3.366,4,949C,3.37,3.8,1.99,1.85,DBA4,0.52,5.3,2.12,2.07,4818,0.65,2.49,2.1,3.05,5303,5.08,6.6,2.29,4.05,2.11,4.7,1.01,35
3.468,4,949C,3.37,3.8,1.99,1.81,DBA4,0.52,5.3,2.12,1.99,4818,0.65,2.49,2.1,2.95,5303,5.08,6.6,2.29,4.12,2.12,4.73,1.03,43
3.564,4,949C,3.37,3.8,1.99,1.79,DBA4,0.52,5.3,2.12,2.08,4818,0.65,2.49,2.1,3.08,5303,5.08,6.6,2.29,4.08,2.09,4.62,1.03,38
3.72,4,949C,3.37,3.8,1.99,1.79,DBA4,0.52,5.3,2.12,2.07,4818,0.65,2.49,2.1,3.05,870E,5.08,4.68,2.38,3.36,2.09,4.69,0.98,45
3.784,3,949C,3.37,3.8,1.99,1.84,4818,0.65,2.49,2.1,3.05,5303,5.08,6.6,2.29,4.09,2.22,4.51,0.82,61
3.873,4,949C,3.37,3.8,1.99,1.9,DBA4,0.52,5.3,2.12,2.07,4818,0.65,2.49,2.1,3.01,870E,5.08,4.68,2.38,3.4,2.18,4.59,0.82,43
3.978,4,949C,3.37,3.8,1.99,1.88,DBA4,0.52,5.3,2.12,2.06,4818,0.65,2.49,2.1,2.97,870E,5.08,4.68,2.38,3.37,2.16,4.64,0.83,43
4.059,4,949C,3.37,3.8,1.99,1.81,DBA4,0.52,5.3,2.12,2.03,4818,0.65,2.49,2.1,2.97,870E,5.08,4.68,2.38,3.41,2.13,4.68,0.83,41
4.163,4,949C,3.37,3.8,1.99,1.85,DBA4,0.52,5.3,2.12,2.05,4818,0.65,2.49,2.1,2.98,5303,5.08,6.6,2.29,4.04,2.14,4.72,0.88,42
4.263,4,949C,3.37,3.8,1.99,1.85,DBA4,0.52,5.3,2.12,2.05,4818,0.65,2.49,2.1,3.0,5303,5.08,6.6,2.29,4.11,2.15,4.74,0.91,42
4.364,4,949C,3.37,3.8,1.99,1.87,DBA4,0.52,5.3,2.12,2.01,4818,0.65,2.49,2.1,3.06,5303,5.08,6.6,2.29,4.04,2.09,4.67,0.93,37
4.462,4,949C,3.37,3.8,1.99,1.88,DBA4,0.52,5.3,2.12,2.09,4818,0.65,2.49,2.1,3.0,870E,5.08,4.68,2.38,3.42,2.08,4.7,0.89,43
4.602,4,949C,3.37,3.8,1.99,1.88,DBA4,0.52,5.3,2.12,2.0,4818,0.65,2.49,2.1,3.08,5303,5.08,6.6,2.29,4.05,2.04,4.63,0.92,37
4.666,4,949C,3.37,3.8,1.99,1.89,DBA4,0.52,5.3,2.12,2.04,4B05,2.07,6.9,2.01,2.74,4818,0.65,2.49,2.1,2.94,2.09,4.6,0.85,32
4.777,4,949C,3.37,3.8,1.99,1.87,DBA4,0.52,5.3,2.12,2.04,4818,0.65,2.49,2.1,3.0,870E,5.08,4.68,2.38,3.45,2.07,4.66,0.84,42
4.881,4,949C,3.37,3.8,1.99,1.94,DBA4,0.52,5.3,2.12,2.06,4B05,2.07,6.9,2.01,2.74,4818,0.65,2.49,2.1,2.97,2.11,4.63,0.79,31
5.024,4,949C,3.37,3.8,1.99,1.9,DBA4,0.52,5.3,2.12,2.08,4818,0.65,2.49,2.1,3.13,870E,5.08,4.68,2.38,3.4,2.1,4.71,0.79,47
5.078,4,949C,3.37,3.8,1.99,1.81,DBA4,0.52,5.3,2.12,2.03,4818,0.65,2.49,2.1,3.08,5303,5.08,6.6,2.29,4.07,2.06,4.62,0.85,40
5.188,4,949C,3.37,3.8,1.99,1.81,DBA4,0.52,5.3,2.12,2.08,4B05,2.07,6.9,2.01,2.76,4818,0.65,2.49,2.1,2.96,2.13,4.59,0.81,30
5.261,4,949C,3.37,3.8,1.99,1.85,DBA4,0.52,5.3,2.12,2.01,4818,0.65,2.49,2.1,3.09,870E,5.08,4.68,2.38,3.47,2.09,4.68,0.81,45
5.359,4,949C,3.37,3.8,1.99,1.83,DBA4,0.52,5.3,2.12,2.06,4818,0.65,2.49,2.1,3.08,870E,5.08,4.68,2.38,3.37,2.09,4.73,0.82,45
5.474,4,949C,3.37,3.8,1.99,1.86,DBA4,0.52,5.3,2.12,2.07,4818,0.65,2.49,2.1,3.06,5303,5.08,6.6,2.29,4.09,2.12,4.77,0.87,40
5.558,4,949C,3.37,3.8,1.99,1.8,DBA4,0.52,5.3,2.12,2.03,4818,0.65,2.49,2.1,3.1,5303,5.08,6.6,2.29,4.07,2.08,4.66,0.91,41
5.659,4,949C,3.37,3.8,1.99,1.81,DBA4,0.52,5.3,2.12,2.06,4818,0.65,2.49,2.1,3.01,870E,5.08,4.68,2.38,3.48,2.06,4.7,0.87,43
5.768,4,949C,3.37,3.8,1.99,1.87,DBA4,0.52,5.3,2.12,2.06,4B05,2.07,6.9,2.01,2.74,4818,0.65,2.49,2.1,2.93,2.1,4.65,0.83,33
5.926,4,949C,3.37,3.8,1.99,1.89,DBA4,0.52,5.3,2.12,2.0,4818,0.65,2.49,2.1,3.04,870E,5.08,4.68,2.38,3.46,2.08,4.71,0.83,43
5.979,4,949C,3.37,3.8,1.99,1.87,DBA4,0.52,5.3,2.12,2.06,4818,0.65,2.49,2.1,3.03,5303,5.08,6.6,2.29,4.0,2.05,4.65,0.85,34
6.076,4,949C,3.37,3.8,1.99,1.82,DBA4,0.52,5.3,2.12,2.02,4B05,2.07,6.9,2.01,2.72,4818,0.65,2.49,2.1,3.02,2.13,4.62,0.81,30
6.178,4,949C,3.37,3.8,1.99,1.82,DBA4,0.52,5.3,2.12,2.07,4818,0.65,2.49,2.1,3.1,870E,5.08,4.68,2.38,3.48,2.1,4.7,0.79,46
6.35,4,949C,3.37,3.8,1.99,1.87,DBA4,0.52,5.3,2.12,2.09,4818,0.65,2.49,2.1,2.94,5303,5.08,6.6,2.29,4.01,2.11,4.71,0.83,41
6.374,4,949C,3.37,3.8,1.99,1.86,DBA4,0.52,5.3,2.12,2.03,4818,0.65,2.49,2.1,3.09,5303,5.08,6.6,2.29,4.04,2.07,4.64,0.86,37
6.481,4,949C,3.37,3.8,1.99,1.83,DBA4,0.52,5.3,2.12,2.09,4B05,2.07,6.9,2.01,2.74,4818,0.65,2.49,2.1,3.02,2.14,4.61,0.81,30
6.582,4,949C,3.37,3.8,1.99,1.88,DBA4,0.52,5.3,2.12,2.08,4818,0.65,2.49,2.1,3.04,870E,5.08,4.68,2.38,3.44,2.11,4.67,0.8,44
6.662,4,949C,3.37,3.8,1.99,1.84,DBA4,0.52,5.3,2.12,2.02,4818,0.65,2.49,2.1,3.06,870E,5.08,4.68,2.38,3.46,2.09,4.73,0.8,44
6.756,4,949C,3.37,3.8,1.99,1.83,DBA4,0.52,5.3,2.12,2.0,4818,0.65,2.49,2.1,3.1,5303,5.08,6.6,2.29,4.11,2.04,4.63,0.87,42
6.863,4,949C,3.37,3.8,1.99,1.82,DBA4,0.52,5.3,2.12,2.1,4B05,2.07,6.9,2.01,2.74,4818,0.65,2.49,2.1,2.98,2.11,4.6,0.82,31
6.988,4,949C,3.37,3.8,1.99,1.81,DBA4,0.52,5.3,2.12,2.04,4818,0.65,2.49,2.1,3.02,870E,5.08,4.68,2.38,3.4,2.09,4.66,0.83,43
7.072,4,949C,3.37,3.8,1.99,1.81,DBA4,0.52,5.3,2.12,2.05,4818,0.65,2.49,2.1,3.0,870E,5.08,4.68,2.38,3.39,2.09,4.7,0.84,42
7.179,4,949C,3.37,3.8,1.99,1.78,DBA4,0.52,5.3,2.12,2.1,4818,0.65,2.49,2.1,3.07,5303,5.08,6.6,2.29,4.11,2.14,4.75,0.89,39
7.256,4,949C,3.37,3.8,1.99,1.85,DBA4,0.52,5.3,2.12,2.1,4818,0.65,2.49,2.1,3.03,5303,5.08,6.6,2.29,4.1,2.16,4.77,0.91,42
7.368,4,949C,3.37,3.8,1.99,1.88,DBA4,0.52,5.3,2.12,2.04,4818,0.65,2.49,2.1,3.06,5303,5.08,6.6,2.29,4.1,2.16,4.8,0.94,40
7.483,4,949C,3.37,3.8,1.99,1.85,DBA4,0.52,5.3,2.12,2.07,4818,0.65,2.49,2.1,3.1,5303,5.08,6.6,2.29,4.01,2.12,4.71,0.94,35
7.671,4,949C,3.37,3.8,1.99,1.81,DBA4,0.52,5.3,2.12,2.06,4818,0.65,2.49,2.1,3.05,5303,5.08,6.6,2.29,4.14,2.15,4.75,0.98,40
7.725,4,949C,3.37,3.8,1.99,1.83,DBA4,0.52,5.3,2.12,2.09,4818,0.65,2.49,2.1,2.96,5303,5.08,6.6,2.29,4.1,2.16,4.75,0.98,42
7.776,4,949C,3.37,3.8,1.99,1.87,DBA4,0.52,5.3,2.12,2.05,4818,0.65,2.49,2.1,3.04,5303,5.08,6.6,2.29,4.08,2.17,4.78,0.99,41
7.885,4,949C,3.37,3.8,1.99,1.85,DBA4,0.52,5.3,2.12,2.07,4818,0.65,2.49,2.1,2.97,5303,5.08,6.6,2.29,4.07,2.17,4.78,0.99,42
7.963,4,949C,3.37,3.8,1.99,1.83,DBA4,0.52,5.3,2.12,2.08,4818,0.65,2.49,2.1,3.11,5303,5.08,6.6,2.29,4.09,2.11,4.67,0.98,35
8.121,4,949C,3.37,3.8,1.99,1.81,DBA4,0.52,5.3,2.12,2.03,4818,0.65,2.49,2.1,3.02,870E,5.08,4.68,2.38,3.38,2.1,4.71,0.95,43
8.188,4,949C,3.37,3.8,1.99,1.91,DBA4,0.52,5.3,2.12,2.03,4818,0.65,2.49,2.1,3.02,5303,5.08,6.6,2.29,4.19,2.11,4.75,0.96,43
8.274,4,949C,3.37,3.8,1.99,1.81,DBA4,0.52,5.3,2.12,2.0,4818,0.65,2.49,2.1,3.04,5303,5.08,6.6,2.29,4.05,2.07,4.66,0.98,43
8.369,4,949C,3.37,3.8,1.99,1.82,DBA4,0.52,5.3,2.12,2.07,4B05,2.07,6.9,2.01,2.74,4818,0.65,2.49,2.1,3.11,2.16,4.63,0.9,33
8.495,4,949C,3.37,3.8,1.99,1.87,DBA4,0.52,5.3,2.12,2.05,4818,0.65,2.49,2.1,2.99,870E,5.08,4.68,2.38,3.5,2.11,4.68,0.86,42
8.583,4,949C,3.37,3.8,1.99,1.81,DBA4,0.52,5.3,2.12,2.02,4818,0.65,2.49,2.1,3.0,870E,5.08,4.68,2.38,3.5,2.08,4.72,0.84,42
8.66,4,949C,3.37,3.8,1.99,1.8,DBA4,0.52,5.3,2.12,2.07,4818,0.65,2.49,2.1,3.04,5303,5.08,6.6,2.29,4.03,2.05,4.63,0.88,38
8.764,4,949C,3.37,3.8,1.99,1.8,DBA4,0.52,5.3,2.12,2.11,4B05,2.07,6.9,2.01,2.74,4818,0.65,2.49,2.1,2.95,2.12,4.6,0.84,32
8.945,4,949C,3.37,3.8,1.99,1.84,DBA4,0.52,5.3,2.12,2.05,4818,0.65,2.49,2.1,3.07,870E,5.08,4.68,2.38,3.41,2.1,4.68,0.83,45
8.97,4,949C,3.37,3.8,1.99,1.86,DBA4,0.52,5.3,2.12,2.0,4818,0.65,2.49,2.1,3.0,870E,5.08,4.68,2.38,3.49,2.07,4.72,0.83,42
9.056,4,949C,3.37,3.8,1.99,1.84,DBA4,0.52,5.3,2.12,2.0,4B05,2.07,6.9,2.01,2.74,4818,0.65,2.49,2.1,3.02,2.14,4.67,0.78,30
9.159,4,949C,3.37,3.8,1.99,1.81,DBA4,0.52,5.3,2.12,2.05,4818,0.65,2.49,2.1,3.05,870E,5.08,4.68,2.38,3.42,2.11,4.72,0.79,44
9.325,4,949C,3.37,3.8,1.99,1.8,DBA4,0.52,5.3,2.12,2.02,4818,0.65,2.49,2.1,3.0,5303,5.08,6.6,2.29,4.07,2.14,4.76,0.87,42
9.357,4,949C,3.37,3.8,1.99,1.85,DBA4,0.52,5.3,2.12,1.99,4818,0.65,2.49,2.1,3.0,5303,5.08,6.6,2.29,4.09,2.14,4.79,0.92,41
9.463,4,949C,3.37,3.8,1.99,1.82,DBA4,0.52,5.3,2.12,2.0,4818,0.65,2.49,2.1,3.04,5303,5.08,6.6,2.29,4.06,2.09,4.68,0.95,42
9.562,4,949C,3.37,3.8,1.99,1.82,DBA4,0.52,5.3,2.12,2.1,4818,0.65,2.49,2.1,2.97,5303,5.08,6.6,2.29,4.05,2.12,4.7,0.96,42
9.668,4,949C,3.37,3.8,1.99,1.8,DBA4,0.52,5.3,2.12,2.05,4818,0.65,2.49,2.1,2.95,5303,5.08,6.6,2.29,4.04,2.14,4.72,0.98,41
9.818,4,949C,3.37,3.8,1.99,1.87,DBA4,0.52,5.3,2.12,2.05,4818,0.65,2.49,2.1,3.1,5303,5.08,6.6,2.29,4.11,2.08,4.63,0.98,35
9.876,4,949C,3.37,3.8,1.99,1.81,DBA4,0.52,5.3,2.12,2.0,4818,0.65,2.49,2.1,3.11,870E,5.08,4.68,2.38,3.45,2.06,4.71,0.94,46
9.979,4,949C,3.37,3.8,1.99,1.84,DBA4,0.52,5.3,2.12,2.0,4B05,2.07,6.9,2.01,2.76,4818,0.65,2.49,2.1,3.03,2.14,4.67,0.86,30
10.077,4,949C,3.37,3.8,1.99,1.84,DBA4,0.52,5.3,2.12,2.03,4818,0.65,2.49,2.1,3.1,870E,5.08,4.68,2.38,3.48,2.1,4.74,0.84,46
10.223,4,949C,3.37,3.8,1.99,1.89,DBA4,0.52,5.3,2.12,2.1,4818,0.65,2.49,2.1,3.08,5303,5.08,6.6,2.29,4.05,2.07,4.66,0.85,31
10.281,4,949C,3.37,3.8,1.99,1.82,DBA4,0.52,5.3,2.12,2.08,4818,0.65,2.49,2.1,3.0,870E,5.08,4.68,2.38,3.45,2.06,4.7,0.83,43
10.356,4,949C,3.37,3.8,1.99,1.82,DBA4,0.52,5.3,2.12,2.05,4B05,2.07,6.9,2.01,2.79,4818,0.65,2.49,2.1,3.04,2.14,4.65,0.78,31
10.461,4,949C,3.37,3.8,1.99,1.8,DBA4,0.52,5.3,2.12,2.01,4818,0.65,2.49,2.1,3.08,870E,5.08,4.68,2.38,3.48,2.11,4.72,0.78,45
10.556,4,949C,3.37,3.8,1.99,1.8,DBA4,0.52,5.3,2.12,2.08,4818,0.65,2.49,2.1,3.13,5303,5.08,6.6,2.29,4.08,2.07,4.62,0.83,37
10.659,4,949C,3.37,3.8,1.99,1.85,DBA4,0.52,5.3,2.12,2.02,4818,0.65,2.49,2.1,2.98,870E,5.08,4.68,2.38,3.43,2.06,4.67,0.84,42
10.757,4,949C,3.37,3.8,1.99,1.83,DBA4,0.52,5.3,2.12,2.05,4B05,2.07,6.9,2.01,2.76,4818,0.65,2.49,2.1,3.01,2.13,4.63,0.79,29
10.88,4,949C,3.37,3.8,1.99,1.88,DBA4,0.52,5.3,2.12,2.03,4818,0.65,2.49,2.1,3.06,870E,5.08,4.68,2.38,3.43,2.11,4.7,0.8,44
11.057,4,949C,3.37,3.8,1.99,1.87,DBA4,0.52,5.3,2.12,2.07,4818,0.65,2.49,2.1,3.06,5303,5.08,6.6,2.29,4.05,2.07,4.63,0.83,33
11.076,4,949C,3.37,3.8,1.99,1.85,DBA4,0.52,5.3,2.12,2.07,4B05,2.07,6.9,2.01,2.74,4818,0.65,2.49,2.1,3.02,2.13,4.61,0.78,30
11.236,4,949C,3.37,3.8,1.99,1.85,DBA4,0.52,5.3,2.12,2.07,4818,0.65,2.49,2.1,3.04,870E,5.08,4.68,2.38,3.5,2.1,4.67,0.77,44
11.279,4,949C,3.37,3.8,1.99,1.8,DBA4,0.52,5.3,2.12,2.03,4818,0.65,2.49,2.1,3.03,870E,5.08,4.68,2.38,3.44,2.08,4.72,0.78,43
11.378,4,949C,3.37,3.8,1.99,1.8,DBA4,0.52,5.3,2.12,2.09,4818,0.65,2.49,2.1,3.06,5303,5.08,6.6,2.29,4.09,2.13,4.76,0.85,39
11.456,4,949C,3.37,3.8,1.99,1.88,DBA4,0.52,5.3,2.12,2.01,4818,0.65,2.49,2.1,3.04,5303,5.08,6.6,2.29,4.06,2.08,4.68,0.88,36
11.569,4,949C,3.37,3.8,1.99,1.81,DBA4,0.52,5.3,2.12,2.08,4818,0.65,2.49,2.1,3.09,870E,5.08,4.68,2.38,3.4,2.08,4.73,0.86,46
11.69,4,949C,3.37,3.8,1.99,1.86,DBA4,0.52,5.3,2.12,2.04,4818,0.65,2.49,2.1,3.08,5303,5.08,6.6,2.29,4.08,2.04,4.64,0.89,36
11.778,4,949C,3.37,3.8,1.99,1.81,DBA4,0.52,5.3,2.12,2.01,4B05,2.07,6.9,2.01,2.74,4818,0.65,2.49,2.1,3.02,2.12,4.61,0.83,29
11.876,4,949C,3.37,3.8,1.99,1.85,DBA4,0.52,5.3,2.12,2.02,4818,0.65,2.49,2.1,2.98,870E,5.08,4.68,2.38,3.4,2.1,4.67,0.84,41
11.964,4,949C,3.37,3.8,1.99,1.91,DBA4,0.52,5.3,2.12,2.07,4818,0.65,2.49,2.1,3.03,870E,5.08,4.68,2.38,3.46,2.08,4.71,0.82,44
12.136,4,949C,3.37,3.8,1.99,1.79,DBA4,0.52,5.3,2.12,2.04,4818,0.65,2.49,2.1,3.07,5303,5.08,6.6,2.29,4.09,2.04,4.61,0.88,41
12.167,4,949C,3.37,3.8,1.99,1.84,DBA4,0.52,5.3,2.12,2.12,4B05,2.07,6.9,2.01,2.73,4818,0.65,2.49,2.1,2.95,2.1,4.58,0.83,33
12.317,4,949C,3.37,3.8,1.99,1.81,DBA4,0.52,5.3,2.12,2.08,4818,0.65,2.49,2.1,3.09,870E,5.08,4.68,2.38,3.47,2.08,4.66,0.81,46
12.396,4,949C,3.37,3.8,1.99,1.82,DBA4,0.52,5.3,2.12,2.03,4818,0.65,2.49,2.1,3.01,870E,5.08,4.68,2.38,3.47,2.06,4.71,0.81,43
12.523,4,949C,3.37,3.8,1.99,1.87,DBA4,0.52,5.3,2.12,1.99,4B05,2.07,6.9,2.01,2.75,4818,0.65,2.49,2.1,2.97,2.12,4.66,0.77,30
12.592,4,949C,3.37,3.8,1.99,1.78,DBA4,0.52,5.3,2.12,2.03,4818,0.65,2.49,2.1,3.02,870E,5.08,4.68,2.38,3.42,2.09,4.71,0.79,43
12.665,4,949C,3.37,3.8,1.99,1.85,DBA4,0.52,5.3,2.12,2.06,4818,0.65,2.49,2.1,3.06,5303,5.08,6.6,2.29,4.1,2.13,4.76,0.85,39
12.772,4,949C,3.37,3.8,1.99,1.82,DBA4,0.52,5.3,2.12,2.07,4818,0.65,2.49,2.1,3.02,5303,5.08,6.6,2.29,4.17,2.15,4.78,0.89,40
12.873,4,949C,3.37,3.8,1.99,1.87,DBA4,0.52,5.3,2.12,2.04,4818,0.65,2.49,2.1,2.99,5303,5.08,6.6,2.29,4.02,2.15,4.79,0.92,42
13.035,4,949C,3.37,3.8,1.99,1.82,DBA4,0.52,5.3,2.12,2.04,4818,0.65,2.49,2.1,3.03,5303,5.08,6.6,2.29,4.03,2.11,4.69,0.94,39
13.058,4,949C,3.37,3.8,1.99,1.86,DBA4,0.52,5.3,2.12,2.03,4818,0.65,2.49,2.1,3.07,5303,5.08,6.6,2.29,4.16,2.13,4.75,0.97,41
13.164,4,949C,3.37,3.8,1.99,1.83,DBA4,0.52,5.3,2.12,2.08,4818,0.65,2.49,2.1,3.04,5303,5.08,6.6,2.29,4.09,2.16,4.77,0.99,40
13.275,4,949C,3.37,3.8,1.99,1.84,DBA4,0.52,5.3,2.12,2.12,4818,0.65,2.49,2.1,3.04,5303,5.08,6.6,2.29,4.08,2.18,4.79,0.98,41
13.353,3,949C,3.37,3.8,1.99,1.8,4818,0.65,2.49,2.1,2.98,5303,5.08,6.6,2.29,3.99,2.25,4.63,0.85,57
13.527,4,949C,3.37,3.8,1.99,1.85,DBA4,0.52,5.3,2.12,2.07,4818,0.65,2.49,2.1,3.03,870E,5.08,4.68,2.38,3.46,2.19,4.68,0.83,44
13.578,4,949C,3.37,3.8,1.99,1.84,DBA4,0.52,5.3,2.12,2.05,4818,0.65,2.49,2.1,3.0,5303,5.08,6.6,2.29,4.08,2.19,4.72,0.88,41
13.743,4,949C,3.37,3.8,1.99,1.85,DBA4,0.52,5.3,2.12,2.04,4818,0.65,2.49,2.1,2.98,5303,5.08,6.6,2.29,4.1,2.19,4.75,0.92,42
13.764,4,949C,3.37,3.8,1.99,1.82,DBA4,0.52,5.3,2.12,2.07,4818,0.65,2.49,2.1,2.96,5303,5.08,6.6,2.29,4.1,2.19,4.75,0.94,41
13.866,4,949C,3.37,3.8,1.99,1.85,DBA4,0.52,5.3,2.12,2.04,4818,0.65,2.49,2.1,3.02,5303,5.08,6.6,2.29,4.08,2.19,4.78,0.96,41
13.956,4,949C,3.37,3.8,1.99,1.83,DBA4,0.52,5.3,2.12,2.0,4818,0.65,2.49,2.1,3.07,5303,5.08,6.6,2.29,3.98,2.13,4.7,0.98,41
14.08,4,949C,3.37,3.8,1.99,1.8,DBA4,0.52,5.3,2.12,2.05,4818,0.65,2.49,2.1,3.07,5303,5.08,6.6,2.29,4.04,2.09,4.62,0.99,39
14.182,4,949C,3.37,3.8,1.99,1.89,DBA4,0.52,5.3,2.12,2.03,4818,0.65,2.49,2.1,3.07,870E,5.08,4.68,2.38,3.43,2.08,4.69,0.95,45
14.256,4,949C,3.37,3.8,1.99,1.86,DBA4,0.52,5.3,2.12,2.05,4818,0.65,2.49,2.1,3.02,5303,5.08,6.6,2.29,3.98,2.06,4.64,0.95,36
14.38,4,949C,3.37,3.8,1.99,1.8,DBA4,0.52,5.3,2.12,2.01,4B05,2.07,6.9,2.01,2.74,4818,0.65,2.49,2.1,2.97,2.12,4.61,0.89,31
14.522,3,949C,3.37,3.8,1.99,1.8,DBA4,0.52,5.3,2.12,2.0,4818,0.65,2.49,2.1,2.99,2.14,4.67,0.95,43
14.58,4,949C,3.37,3.8,1.99,1.88,DBA4,0.52,5.3,2.12,2.04,4818,0.65,2.49,2.1,3.04,870E,5.08,4.68,2.38,3.41,2.12,4.72,0.92,44
14.656,4,949C,3.37,3.8,1.99,1.8,DBA4,0.52,5.3,2.12,2.07,4818,0.65,2.49,2.1,3.04,5303,5.08,6.6,2.29,4.07,2.15,4.75,0.95,38
14.758,4,949C,3.37,3.8,1.99,1.82,DBA4,0.52,5.3,2.12,2.0,4818,0.65,2.49,2.1,3.06,5303,5.08,6.6,2.29,4.1,2.17,4.8,1.0,44
14.931,4,949C,3.37,3.8,1.99,1.81,DBA4,0.52,5.3,2.12,2.03,4818,0.65,2.49,2.1,3.08,5303,5.08,6.6,2.29,4.08,2.11,4.68,1.01,40
14.958,4,949C,3.37,3.8,1.99,1.85,DBA4,0.52,5.3,2.12,2.07,4818,0.65,2.49,2.1,2.97,5303,5.08,6.6,2.29,4.11,2.12,4.71,1.0,42
15.058,4,949C,3.37,3.8,1.99,1.8,DBA4,0.52,5.3,2.12,2.04,4818,0.65,2.49,2.1,3.1,5303,5.08,6.6,2.29,4.1,2.07,4.6,1.01,40
15.159,4,949C,3.37,3.8,1.99,1.81,DBA4,0.52,5.3,2.12,2.08,4818,0.65,2.49,2.1,2.99,870E,5.08,4.68,2.38,3.47,2.06,4.65,0.95,42
15.282,4,949C,3.37,3.8,1.99,1.84,DBA4,0.52,5.3,2.12,2.0,4B05,2.07,6.9,2.01,2.73,4818,0.65,2.49,2.1,3.0,2.12,4.62,0.88,30
15.368,4,949C,3.37,3.8,1.99,1.87,DBA4,0.52,5.3,2.12,1.99,4818,0.65,2.49,2.1,3.05,870E,5.08,4.68,2.38,3.5,2.08,4.7,0.86,44
15.465,4,949C,3.37,3.8,1.99,1.82,DBA4,0.52,5.3,2.12,2.01,4818,0.65,2.49,2.1,3.01,5303,5.08,6.6,2.29,4.09,2.11,4.74,0.92,41
15.596,4,949C,3.37,3.8,1.99,1.87,DBA4,0.52,5.3,2.12,2.04,4818,0.65,2.49,2.1,3.11,5303,5.08,6.6,2.29,4.11,2.06,4.64,0.93,35
15.657,4,949C,3.37,3.8,1.99,1.89,DBA4,0.52,5.3,2.12,2.04,4B05,2.07,6.9,2.01,2.76,4818,0.65,2.49,2.1,2.97,2.11,4.61,0.86,30
15.759,4,949C,3.37,3.8,1.99,1.89,DBA4,0.52,5.3,2.12,2.07,4818,0.65,2.49,2.1,3.08,870E,5.08,4.68,2.38,3.48,2.09,4.68,0.83,45
15.865,4,949C,3.37,3.8,1.99,1.81,DBA4,0.52,5.3,2.12,2.09,4818,0.65,2.49,2.1,3.04,870E,5.08,4.68,2.38,3.4,2.08,4.72,0.82,44
15.959,4,949C,3.37,3.8,1.99,1.88,DBA4,0.52,5.3,2.12,2.1,4818,0.65,2.49,2.1,3.03,5303,5.08,6.6,2.29,4.05,2.06,4.64,0.84,31
16.081,4,949C,3.37,3.8,1.99,1.88,DBA4,0.52,5.3,2.12,2.06,4B05,2.07,6.9,2.01,2.75,4818,0.65,2.49,2.1,3.03,2.12,4.62,0.78,31
16.17,4,949C,3.37,3.8,1.99,1.83,DBA4,0.52,5.3,2.12,1.99,4818,0.65,2.49,2.1,3.02,870E,5.08,4.68,2.38,3.46,2.09,4.68,0.8,42
16.273,4,949C,3.37,3.8,1.99,1.84,DBA4,0.52,5.3,2.12,2.09,4818,0.65,2.49,2.1,2.99,5303,5.08,6.6,2.29,4.11,2.11,4.71,0.84,43
16.375,4,949C,3.37,3.8,1.99,1.81,DBA4,0.52,5.3,2.12,2.07,4818,0.65,2.49,2.1,2.99,5303,5.08,6.6,2.29,4.06,2.14,4.73,0.89,41
16.581,4,949C,3.37,3.8,1.99,1.86,DBA4,0.52,5.3,2.12,2.1,4818,0.65,2.49,2.1,3.03,5303,5.08,6.6,2.29,4.09,2.16,4.76,0.91,42
16.603,4,949C,3.37,3.8,1.99,1.85,DBA4,0.52,5.3,2.12,2.05,4818,0.65,2.49,2.1,3.01,5303,5.08,6.6,2.29,4.11,2.16,4.78,0.94,42
16.687,4,949C,3.37,3.8,1.99,1.88,DBA4,0.52,5.3,2.12,2.08,4818,0.65,2.49,2.1,3.08,5303,5.08,6.6,2.29,4.08,2.11,4.68,0.93,32
16.774,4,949C,3.37,3.8,1.99,1.8,DBA4,0.52,5.3,2.12,2.1,4818,0.65,2.49,2.1,2.98,870E,5.08,4.68,2.38,3.41,2.1,4.7,0.9,43
16.857,4,949C,3.37,3.8,1.99,1.83,DBA4,0.52,5.3,2.12,2.04,4818,0.65,2.49,2.1,3.09,5303,5.08,6.6,2.29,4.05,2.06,4.62,0.92,38
16.977,4,949C,3.37,3.8,1.99,1.84,DBA4,0.52,5.3,2.12,2.02,4B05,2.07,6.9,2.01,2.78,4818,0.65,2.49,2.1,2.87,2.1,4.58,0.87,34
17.059,4,949C,3.37,3.8,1.99,1.82,DBA4,0.52,5.3,2.12,2.02,4818,0.65,2.49,2.1,3.04,870E,5.08,4.68,2.38,3.41,2.09,4.66,0.86,44
17.163,4,949C,3.37,3.8,1.99,1.82,DBA4,0.52,5.3,2.12,2.02,4818,0.65,2.49,2.1,3.11,870E,5.08,4.68,2.38,3.48,2.06,4.73,0.84,46
17.28,4,949C,3.37,3.8,1.99,1.82,DBA4,0.52,5.3,2.12,2.01,4B05,2.07,6.9,2.01,2.75,4818,0.65,2.49,2.1,3.02,2.14,4.68,0.8,30
17.379,4,949C,3.37,3.8,1.99,1.86,DBA4,0.52,5.3,2.12,2.01,4818,0.65,2.49,2.1,3.09,870E,5.08,4.68,2.38,3.46,2.11,4.74,0.8,45
17.482,4,949C,3.37,3.8,1.99,1.83,DBA4,0.52,5.3,2.12,2.04,4818,0.65,2.49,2.1,3.08,5303,5.08,6.6,2.29,4.08,2.06,4.64,0.85,39
17.56,4,949C,3.37,3.8,1.99,1.81,DBA4,0.52,5.3,2.12,2.05,4B05,2.07,6.9,2.01,2.74,4818,0.65,2.49,2.1,3.05,2.14,4.62,0.8,31
17.659,4,949C,3.37,3.8,1.99,1.88,DBA4,0.52,5.3,2.12,2.03,4818,0.65,2.49,2.1,3.0,870E,5.08,4.68,2.38,3.52,2.1,4.67,0.79,42
17.787,4,949C,3.37,3.8,1.99,1.81,DBA4,0.52,5.3,2.12,2.12,4818,0.65,2.49,2.1,3.07,870E,5.08,4.68,2.38,3.38,2.1,4.72,0.79,46
17.857,4,949C,3.37,3.8,1.99,1.83,DBA4,0.52,5.3,2.12,2.02,4818,0.65,2.49,2.1,3.03,5303,5.08,6.6,2.29,4.08,2.13,4.76,0.87,40
17.964,4,949C,3.37,3.8,1.99,1.86,DBA4,0.52,5.3,2.12,1.99,4818,0.65,2.49,2.1,2.97,5303,5.08,6.6,2.29,4.12,2.13,4.78,0.91,41
18.069,4,949C,3.37,3.8,1.99,1.82,DBA4,0.52,5.3,2.12,2.01,4818,0.65,2.49,2.1,3.03,5303,5.08,6.6,2.29,4.08,2.15,4.81,0.96,41
18.156,4,949C,3.37,3.8,1.99,1.81,DBA4,0.52,5.3,2.12,2.03,4818,0.65,2.49,2.1,3.03,5303,5.08,6.6,2.29,4.06,2.17,4.82,0.99,40
18.299,4,949C,3.37,3.8,1.99,1.85,DBA4,0.52,5.3,2.12,2.04,4818,0.65,2.49,2.1,3.05,5303,5.08,6.6,2.29,4.14,2.18,4.84,1.01,40
18.373,4,949C,3.37,3.8,1.99,1.91,DBA4,0.52,5.3,2.12,2.0,4818,0.65,2.49,2.1,3.09,5303,5.08,6.6,2.29,4.04,2.11,4.75,0.99,36
18.484,4,949C,3.37,3.8,1.99,1.83,DBA4,0.52,5.3,2.12,2.05,4818,0.65,2.49,2.1,3.07,5303,5.08,6.6,2.29,4.1,2.14,4.79,1.02,41
18.559,4,949C,3.37,3.8,1.99,1.82,DBA4,0.52,5.3,2.12,2.05,4818,0.65,2.49,2.1,3.12,5303,5.08,6.6,2.29,4.02,2.1,4.69,1.01,38
18.723,4,949C,3.37,3.8,1.99,1.89,DBA4,0.52,5.3,2.12,2.09,4818,0.65,2.49,2.1,3.01,5303,5.08,6.6,2.29,4.06,2.12,4.72,0.99,43
18.784,4,949C,3.37,3.8,1.99,1.85,DBA4,0.52,5.3,2.12,2.08,4818,0.65,2.49,2.1,3.0,5303,5.08,6.6,2.29,4.08,2.13,4.74,0.99,43
18.857,4,949C,3.37,3.8,1.99,1.81,DBA4,0.52,5.3,2.12,1.97,4818,0.65,2.49,2.1,3.03,5303,5.08,6.6,2.29,4.09,2.15,4.79,1.03,45
18.982,4,949C,3.37,3.8,1.99,1.84,DBA4,0.52,5.3,2.12,2.01,4818,0.65,2.49,2.1,3.04,5303,5.08,6.6,2.29,4.09,2.17,4.81,1.05,41
19.056,4,949C,3.37,3.8,1.99,1.84,DBA4,0.52,5.3,2.12,2.05,4818,0.65,2.49,2.1,3.03,5303,5.08,6.6,2.29,4.02,2.12,4.71,1.03,37
19.197,4,949C,3.37,3.8,1.99,1.82,DBA4,0.52,5.3,2.12,2.06,4818,0.65,2.49,2.1,3.09,5303,5.08,6.6,2.29,4.06,2.08,4.63,1.02,37
19.296,4,949C,3.37,3.8,1.99,1.8,DBA4,0.52,5.3,2.12,2.01,4818,0.65,2.49,2.1,3.09,870E,5.08,4.68,2.38,3.39,2.07,4.71,0.98,45
19.357,4,949C,3.37,3.8,1.99,1.84,DBA4,0.52,5.3,2.12,2.05,4818,0.65,2.49,2.1,3.0,5303,5.08,6.6,2.29,4.01,2.05,4.64,0.98,37
19.467,4,949C,3.37,3.8,1.99,1.88,DBA4,0.52,5.3,2.12,2.07,4B05,2.07,6.9,2.01,2.74,4818,0.65,2.49,2.1,3.05,2.12,4.62,0.89,32
19.583,4,949C,3.37,3.8,1.99,1.8,DBA4,0.52,5.3,2.12,2.1,4818,0.65,2.49,2.1,3.01,870E,5.08,4.68,2.38,3.38,2.11,4.66,0.87,43
19.684,4,949C,3.37,3.8,1.99,1.89,DBA4,0.52,5.3,2.12,2.07,4818,0.65,2.49,2.1,2.98,870E,5.08,4.68,2.38,3.49,2.08,4.7,0.84,42
19.757,4,949C,3.37,3.8,1.99,1.8,DBA4,0.52,5.3,2.12,2.04,4818,0.65,2.49,2.1,3.03,5303,5.08,6.6,2.29,4.13,2.12,4.74,0.91,41
19.894,4,949C,3.37,3.8,1.99,1.87,DBA4,0.52,5.3,2.12,2.1,4818,0.65,2.49,2.1,3.09,5303,5.08,6.6,2.29,4.09,2.08,4.64,0.91,31
19.984,4,949C,3.37,3.8,1.99,1.82,DBA4,0.52,5.3,2.12,2.05,4818,0.65,2.49,2.1,2.95,870E,5.08,4.68,2.38,3.44,2.06,4.68,0.89,41
20.071,4,949C,3.37,3.8,1.99,1.85,DBA4,0.52,5.3,2.12,2.07,4B05,2.07,6.9,2.01,2.75,4818,0.65,2.49,2.1,2.96,2.11,4.63,0.83,31
20.178,4,949C,3.37,3.8,1.99,1.9,DBA4,0.52,5.3,2.12,2.01,4818,0.65,2.49,2.1,3.0,870E,5.08,4.68,2.38,3.43,2.09,4.69,0.84,42
20.272,4,949C,3.37,3.8,1.99,1.85,DBA4,0.52,5.3,2.12,2.07,4818,0.65,2.49,2.1,3.19,5303,5.08,6.6,2.29,4.02,2.06,4.62,0.86,34
20.396,4,949C,3.37,3.8,1.99,1.82,DBA4,0.52,5.3,2.12,2.01,4B05,2.07,6.9,2.01,2.76,4818,0.65,2.49,2.1,2.97,2.12,4.59,0.82,30
20.459,4,949C,3.37,3.8,1.99,1.85,DBA4,0.52,5.3,2.12,2.03,4818,0.65,2.49,2.1,3.0,870E,5.08,4.68,2.38,3.46,2.09,4.65,0.82,42
20.56,4,949C,3.37,3.8,1.99,1.81,DBA4,0.52,5.3,2.12,2.07,4818,0.65,2.49,2.1,3.01,870E,5.08,4.68,2.38,3.42,2.08,4.69,0.81,43
20.678,4,949C,3.37,3.8,1.99,1.8,DBA4,0.52,5.3,2.12,2.06,4818,0.65,2.49,2.1,3.08,5303,5.08,6.6,2.29,4.03,2.06,4.62,0.86,38
20.778,4,949C,3.37,3.8,1.99,1.85,DBA4,0.52,5.3,2.12,2.08,4B05,2.07,6.9,2.01,2.74,4818,0.65,2.49,2.1,3.15,2.15,4.61,0.79,36
20.934,4,949C,3.37,3.8,1.99,1.86,DBA4,0.52,5.3,2.12,2.08,4818,0.65,2.49,2.1,3.03,870E,5.08,4.68,2.38,3.38,2.14,4.67,0.8,44
20.959,4,949C,3.37,3.8,1.99,1.84,DBA4,0.52,5.3,2.12,2.01,4818,0.65,2.49,2.1,3.03,870E,5.08,4.68,2.38,3.4,2.11,4.72,0.82,43
21.06,4,949C,3.37,3.8,1.99,1.84,DBA4,0.52,5.3,2.12,2.03,4818,0.65,2.49,2.1,3.03,5303,5.08,6.6,2.29,4.08,2.13,4.76,0.88,40
21.201,4,949C,3.37,3.8,1.99,1.82,DBA4,0.52,5.3,2.12,2.05,4818,0.65,2.49,2.1,3.03,5303,5.08,6.6,2.29,4.11,2.16,4.79,0.93,39
21.256,4,949C,3.37,3.8,1.99,1.81,DBA4,0.52,5.3,2.12,2.03,4818,0.65,2.49,2.1,3.04,5303,5.08,6.6,2.29,4.08,2.17,4.81,0.97,42
21.42,4,949C,3.37,3.8,1.99,1.82,DBA4,0.52,5.3,2.12,2.12,4818,0.65,2.49,2.1,3.03,5303,5.08,6.6,2.29,4.05,2.13,4.7,0.96,33
21.479,4,949C,3.37,3.8,1.99,1.82,DBA4,0.52,5.3,2.12,2.03,4818,0.65,2.49,2.1,3.07,5303,5.08,6.6,2.29,4.06,2.08,4.62,0.98,40
21.579,4,949C,3.37,3.8,1.99,1.88,DBA4,0.52,5.3,2.12,2.07,4818,0.65,2.49,2.1,2.97,870E,5.08,4.68,2.38,3.47,2.06,4.66,0.93,42
21.682,4,949C,3.37,3.8,1.99,1.88,DBA4,0.52,5.3,2.12,2.01,4B05,2.07,6.9,2.01,2.81,4818,0.65,2.49,2.1,2.96,2.12,4.61,0.85,29
21.765,4,949C,3.37,3.8,1.99,1.81,DBA4,0.52,5.3,2.12,2.04,4818,0.65,2.49,2.1,3.05,870E,5.08,4.68,2.38,3.45,2.09,4.68,0.84,44
21.868,4,949C,3.37,3.8,1.99,1.79,DBA4,0.52,5.3,2.12,2.13,4818,0.65,2.49,2.1,3.01,870E,5.08,4.68,2.38,3.46,2.08,4.7,0.81,44
21.957,4,949C,3.37,3.8,1.99,1.86,DBA4,0.52,5.3,2.12,2.02,4818,0.65,2.49,2.1,3.06,5303,5.08,6.6,2.29,4.01,2.05,4.64,0.85,37
22.168,4,949C,3.37,3.8,1.99,1.86,DBA4,0.52,5.3,2.12,2.09,4B05,2.07,6.9,2.01,2.74,4818,0.65,2.49,2.1,3.03,2.12,4.62,0.8,30
22.196,4,949C,3.37,3.8,1.99,1.85,DBA4,0.52,5.3,2.12,2.03,4818,0.65,2.49,2.1,3.07,870E,5.08,4.68,2.38,3.45,2.09,4.69,0.8,45
22.282,4,949C,3.37,3.8,1.99,1.84,DBA4,0.52,5.3,2.12,2.05,4818,0.65,2.49,2.1,3.02,5303,5.08,6.6,2.29,4.08,2.12,4.73,0.86,41
22.379,4,949C,3.37,3.8,1.99,1.85,DBA4,0.52,5.3,2.12,2.01,4818,0.65,2.49,2.1,3.0,5303,5.08,6.6,2.29,4.08,2.13,4.76,0.91,41
22.464,4,949C,3.37,3.8,1.99,1.81,DBA4,0.52,5.3,2.12,2.07,4818,0.65,2.49,2.1,3.01,5303,5.08,6.6,2.29,4.05,2.16,4.78,0.94,40
22.575,4,949C,3.37,3.8,1.99,1.86,DBA4,0.52,5.3,2.12,2.06,4818,0.65,2.49,2.1,3.04,5303,5.08,6.6,2.29,4.05,2.1,4.68,0.94,35
22.657,4,949C,3.37,3.8,1.99,1.8,DBA4,0.52,5.3,2.12,2.06,4818,0.65,2.49,2.1,3.03,5303,5.08,6.6,2.29,4.03,2.07,4.61,0.96,39
22.831,4,949C,3.37,3.8,1.99,1.86,DBA4,0.52,5.3,2.12,2.0,4818,0.65,2.49,2.1,3.06,870E,5.08,4.68,2.38,3.41,2.06,4.69,0.94,44
22.86,4,949C,3.37,3.8,1.99,1.81,DBA4,0.52,5.3,2.12,2.07,4B05,2.07,6.9,2.01,2.73,4818,0.65,2.49,2.1,3.0,2.13,4.65,0.88,30
22.973,4,949C,3.37,3.8,1.99,1.81,DBA4,0.52,5.3,2.12,2.01,4818,0.65,2.49,2.1,2.96,870E,5.08,4.68,2.38,3.39,2.11,4.69,0.88,41
23.163,4,949C,3.37,3.8,1.99,1.84,DBA4,0.52,5.3,2.12,2.11,4818,0.65,2.49,2.1,2.96,5303,5.08,6.6,2.29,4.02,2.13,4.7,0.9,42
23.189,4,949C,3.37,3.8,1.99,1.85,DBA4,0.52,5.3,2.12,1.99,4818,0.65,2.49,2.1,2.98,5303,5.08,6.6,2.29,4.08,2.14,4.74,0.94,41
23.276,4,949C,3.37,3.8,1.99,1.88,DBA4,0.52,5.3,2.12,2.08,4818,0.65,2.49,2.1,2.97,5303,5.08,6.6,2.29,4.01,2.14,4.75,0.94,42
23.449,4,949C,3.37,3.8,1.99,1.81,DBA4,0.52,5.3,2.12,2.05,4818,0.65,2.49,2.1,3.02,5303,5.08,6.6,2.29,4.11,2.16,4.77,0.97,39
23.502,4,949C,3.37,3.8,1.99,1.82,DBA4,0.52,5.3,2.12,2.06,4818,0.65,2.49,2.1,2.98,5303,5.08,6.6,2.29,4.13,2.17,4.78,0.99,42
23.563,4,949C,3.37,3.8,1.99,1.8,DBA4,0.52,5.3,2.12,2.06,4818,0.65,2.49,2.1,3.04,5303,5.08,6.6,2.29,4.13,2.18,4.8,1.01,38
23.729,4,949C,3.37,3.8,1.99,1.82,DBA4,0.52,5.3,2.12,2.01,4818,0.65,2.49,2.1,3.0,5303,5.08,6.6,2.29,4.02,2.13,4.7,1.01,41
23.831,4,949C,3.37,3.8,1.99,1.85,DBA4,0.52,5.3,2.12,2.07,4818,0.65,2.49,2.1,3.02,5303,5.08,6.6,2.29,4.1,2.15,4.74,1.01,41
23.93,4,949C,3.37,3.8,1.99,1.87,DBA4,0.52,5.3,2.12,2.06,4818,0.65,2.49,2.1,2.96,5303,5.08,6.6,2.29,4.06,2.15,4.75,1.0,41
24.033,4,949C,3.37,3.8,1.99,1.8,DBA4,0.52,5.3,2.12,2.0,4818,0.65,2.49,2.1,3.01,5303,5.08,6.6,2.29,3.98,2.1,4.67,1.01,43
24.132,4,949C,3.37,3.8,1.99,1.88,DBA4,0.52,5.3,2.12,2.01,4818,0.65,2.49,2.1,3.0,870E,5.08,4.68,2.38,3.4,2.09,4.72,0.98,42
24.233,4,949C,3.37,3.8,1.99,1.83,DBA4,0.52,5.3,2.12,2.03,4818,0.65,2.49,2.1,2.97,5303,5.08,6.6,2.29,4.12,2.11,4.74,0.99,41
24.317,4,949C,3.37,3.8,1.99,1.81,DBA4,0.52,5.3,2.12,2.07,4818,0.65,2.49,2.1,3.02,5303,5.08,6.6,2.29,4.06,2.14,4.76,1.01,39
24.369,4,949C,3.37,3.8,1.99,1.8,DBA4,0.52,5.3,2.12,2.03,4818,0.65,2.49,2.1,2.99,5303,5.08,6.6,2.29,4.08,2.16,4.78,1.03,41
24.659,4,949C,3.37,3.8,1.99,1.86,DBA4,0.52,5.3,2.12,2.01,4818,0.65,2.49,2.1,3.04,5303,5.08,6.6,2.29,4.08,2.16,4.81,1.04,40
24.713,4,949C,3.37,3.8,1.99,1.86,DBA4,0.52,5.3,2.12,2.05,4818,0.65,2.49,2.1,2.97,5303,5.08,6.6,2.29,4.02,2.16,4.81,1.03,42
24.773,4,949C,3.37,3.8,1.99,1.85,DBA4,0.52,5.3,2.12,2.02,4818,0.65,2.49,2.1,2.99,5303,5.08,6.6,2.29,4.06,2.16,4.82,1.03,42
24.865,4,949C,3.37,3.8,1.99,1.88,DBA4,0.52,5.3,2.12,2.02,4818,0.65,2.49,2.1,3.05,5303,5.08,6.6,2.29,4.08,2.07,4.84,0.92,44
24.876,4,949C,3.37,3.8,1.99,1.81,DBA4,0.52,5.3,2.12,2.07,4B05,2.07,6.9,2.01,2.74,4818,0.65,2.49,2.1,3.04,2.15,4.76,0.86,31
24.973,4,949C,3.37,3.8,1.99,1.85,DBA4,0.52,5.3,2.12,2.04,4818,0.65,2.49,2.1,2.97,5303,5.08,6.6,2.29,4.04,2.15,4.77,0.9,41
25.081,4,949C,3.37,3.8,1.99,1.83,DBA4,0.52,5.3,2.12,2.03,4818,0.65,2.49,2.1,3.05,5303,5.08,6.6,2.29,4.08,2.17,4.8,0.95,40
25.176,4,949C,3.37,3.8,1.99,1.88,DBA4,0.52,5.3,2.12,2.06,4818,0.65,2.49,2.1,3.04,5303,5.08,6.6,2.29,4.09,2.17,4.82,0.96,42
25.298,4,949C,3.37,3.8,1.99,1.85,DBA4,0.52,5.3,2.12,2.01,4818,0.65,2.49,2.1,3.0,5303,5.08,6.6,2.29,4.14,2.17,4.83,0.98,41
25.402,4,949C,3.37,3.8,1.99,1.86,DBA4,0.52,5.3,2.12,2.05,4818,0.65,2.49,2.1,3.05,5303,5.08,6.6,2.29,4.01,2.12,4.74,0.97,35
25.491,4,949C,3.37,3.8,1.99,1.81,DBA4,0.52,5.3,2.12,2.0,4818,0.65,2.49,2.1,3.04,5303,5.08,6.6,2.29,4.11,2.14,4.78,1.01,43
25.57,4,949C,3.37,3.8,1.99,1.81,DBA4,0.52,5.3,2.12,2.07,4818,0.65,2.49,2.1,3.01,5303,5.08,6.6,2.29,4.11,2.16,4.79,1.02,40
25.661,4,949C,3.37,3.8,1.99,1.81,DBA4,0.52,5.3,2.12,2.08,4818,0.65,2.49,2.1,2.95,5303,5.08,6.6,2.29,4.01,2.17,4.78,1.02,41
25.938,4,949C,3.37,3.8,1.99,1.81,DBA4,0.52,5.3,2.12,2.13,4818,0.65,2.49,2.1,2.99,5303,5.08,6.6,2.29,4.1,2.19,4.78,1.01,42
26.039,4,949C,3.37,3.8,1.99,1.81,DBA4,0.52,5.3,2.12,2.03,4818,0.65,2.49,2.1,2.98,5303,5.08,6.6,2.29,4.09,2.19,4.79,1.02,41
26.161,4,949C,3.37,3.8,1.99,1.86,DBA4,0.52,5.3,2.12,2.07,4818,0.65,2.49,2.1,3.0,5303,5.08,6.6,2.29,4.2,2.19,4.8,1.01,43
26.265,4,949C,3.37,3.8,1.99,1.81,DBA4,0.52,5.3,2.12,2.14,4818,0.65,2.49,2.1,3.04,5303,5.08,6.6,2.29,4.16,2.21,4.8,1.01,40
26.36,4,949C,3.37,3.8,1.99,1.81,DBA4,0.52,5.3,2.12,2.08,4818,0.65,2.49,2.1,3.05,5303,5.08,6.6,2.29,4.04,2.15,4.69,1.0,37
26.45,3,949C,3.37,3.8,1.99,1.85,4818,0.65,2.49,2.1,3.08,5303,5.08,6.6,2.29,4.02,2.26,4.55,0.84,58
26.514,4,949C,3.37,3.8,1.99,1.82,DBA4,0.52,5.3,2.12,2.07,4818,0.65,2.49,2.1,3.05,870E,5.08,4.68,2.38,3.42,2.21,4.63,0.83,45
26.575,4,949C,3.37,3.8,1.99,1.84,DBA4,0.52,5.3,2.12,2.03,4818,0.65,2.49,2.1,3.09,870E,5.08,4.68,2.38,3.41,2.17,4.71,0.83,45
26.664,4,949C,3.37,3.8,1.99,1.86,DBA4,0.52,5.3,2.12,2.08,4818,0.65,2.49,2.1,2.98,5303,5.08,6.6,2.29,4.01,2.17,4.73,0.86,42
26.716,4,949C,3.37,3.8,1.99,1.87,DBA4,0.52,5.3,2.12,2.07,4818,0.65,2.49,2.1,3.05,5303,5.08,6.6,2.29,4.08,2.18,4.76,0.9,41
26.772,4,949C,3.37,3.8,1.99,1.78,DBA4,0.52,5.3,2.12,1.99,4818,0.65,2.49,2.1,2.98,5303,5.08,6.6,2.29,4.09,2.18,4.79,0.96,45
26.861,4,949C,3.37,3.8,1.99,1.87,DBA4,0.52,5.3,2.12,2.08,4818,0.65,2.49,2.1,3.04,5303,5.08,6.6,2.29,4.06,2.13,4.69,0.95,32
26.959,4,949C,3.37,3.8,1.99,1.9,DBA4,0.52,5.3,2.12,2.09,4818,0.65,2.49,2.1,3.11,5303,5.08,6.6,2.29,4.12,2.08,4.6,0.93,30
27.085,4,949C,3.37,3.8,1.99,1.82,DBA4,0.52,5.3,2.12,2.03,4818,0.65,2.49,2.1,3.06,870E,5.08,4.68,2.38,3.49,2.05,4.68,0.89,44
27.189,4,949C,3.37,3.8,1.99,1.8,DBA4,0.52,5.3,2.12,2.01,4B05,2.07,6.9,2.01,2.74,4818,0.65,2.49,2.1,3.04,2.14,4.64,0.84,30
27.259,4,949C,3.37,3.8,1.99,1.87,DBA4,0.52,5.3,2.12,2.04,4818,0.65,2.49,2.1,3.0,870E,5.08,4.68,2.38,3.39,2.12,4.69,0.84,42
27.456,4,949C,3.37,3.8,1.99,1.83,DBA4,0.52,5.3,2.12,2.02,4818,0.65,2.49,2.1,3.02,5303,5.08,6.6,2.29,4.06,2.14,4.73,0.9,40
27.509,4,949C,3.37,3.8,1.99,1.84,DBA4,0.52,5.3,2.12,1.99,4818,0.65,2.49,2.1,3.05,5303,5.08,6.6,2.29,4.0,2.09,4.66,0.93,41
27.584,4,949C,3.37,3.8,1.99,1.83,DBA4,0.52,5.3,2.12,2.02,4818,0.65,2.49,2.1,3.01,870E,5.08,4.68,2.38,3.47,2.07,4.71,0.9,42
27.689,4,949C,3.37,3.8,1.99,1.81,DBA4,0.52,5.3,2.12,2.0,4B05,2.07,6.9,2.01,2.76,4818,0.65,2.49,2.1,2.92,2.12,4.65,0.85,32
27.793,4,949C,3.37,3.8,1.99,1.82,DBA4,0.52,5.3,2.12,2.01,4818,0.65,2.49,2.1,3.08,870E,5.08,4.68,2.38,3.45,2.09,4.72,0.84,45
27.881,4,949C,3.37,3.8,1.99,1.84,DBA4,0.52,5.3,2.12,2.07,4818,0.65,2.49,2.1,3.09,5303,5.08,6.6,2.29,4.15,2.13,4.77,0.9,40
27.973,4,949C,3.37,3.8,1.99,1.84,DBA4,0.52,5.3,2.12,2.12,4818,0.65,2.49,2.1,3.03,5303,5.08,6.6,2.29,4.08,2.16,4.78,0.91,42
28.062,4,949C,3.37,3.8,1.99,1.88,DBA4,0.52,5.3,2.12,2.06,4818,0.65,2.49,2.1,3.05,5303,5.08,6.6,2.29,4.02,2.11,4.7,0.91,33
28.176,4,949C,3.37,3.8,1.99,1.81,DBA4,0.52,5.3,2.12,2.09,4818,0.65,2.49,2.1,3.07,5303,5.08,6.6,2.29,4.11,2.15,4.74,0.95,38
28.313,4,949C,3.37,3.8,1.99,1.85,DBA4,0.52,5.3,2.12,2.1,4818,0.65,2.49,2.1,2.94,5303,5.08,6.6,2.29,4.18,2.15,4.74,0.95,41
28.379,4,949C,3.37,3.8,1.99,1.88,DBA4,0.52,5.3,2.12,2.03,4818,0.65,2.49,2.1,3.05,5303,5.08,6.6,2.29,4.04,2.1,4.66,0.95,36
28.461,4,949C,3.37,3.8,1.99,1.88,DBA4,0.52,5.3,2.12,2.03,4818,0.65,2.49,2.1,2.99,870E,5.08,4.68,2.38,3.41,2.08,4.71,0.93,42
28.628,4,949C,3.37,3.8,1.99,1.85,DBA4,0.52,5.3,2.12,2.05,4818,0.65,2.49,2.1,3.02,5303,5.08,6.6,2.29,4.01,2.06,4.64,0.94,36
28.664,4,949C,3.37,3.8,1.99,1.9,DBA4,0.52,5.3,2.12,2.04,4B05,2.07,6.9,2.01,2.74,4818,0.65,2.49,2.1,3.04,2.12,4.62,0.85,32
28.759,4,949C,3.37,3.8,1.99,1.84,DBA4,0.52,5.3,2.12,2.03,4818,0.65,2.49,2.1,3.05,870E,5.08,4.68,2.38,3.43,2.1,4.69,0.85,44
28.882,4,949C,3.37,3.8,1.99,1.87,DBA4,0.52,5.3,2.12,2.03,4818,0.65,2.49,2.1,3.04,5303,5.08,6.6,2.29,4.05,2.06,4.62,0.88,36
28.956,4,949C,3.37,3.8,1.99,1.86,DBA4,0.52,5.3,2.12,2.07,4B05,2.07,6.9,2.01,2.73,4818,0.65,2.49,2.1,2.96,2.11,4.6,0.83,32
29.089,4,949C,3.37,3.8,1.99,1.83,DBA4,0.52,5.3,2.12,2.04,4818,0.65,2.49,2.1,2.98,870E,5.08,4.68,2.38,3.44,2.09,4.65,0.83,42
29.16,4,949C,3.37,3.8,1.99,1.8,DBA4,0.52,5.3,2.12,2.04,4818,0.65,2.49,2.1,2.97,870E,5.08,4.68,2.38,3.46,2.06,4.69,0.82,41
29.284,4,949C,3.37,3.8,1.99,1.87,DBA4,0.52,5.3,2.12,2.07,4B05,2.07,6.9,2.01,2.74,4818,0.65,2.49,2.1,3.04,2.13,4.65,0.77,32
29.421,4,949C,3.37,3.8,1.99,1.8,DBA4,0.52,5.3,2.12,2.06,4818,0.65,2.49,2.1,3.04,870E,5.08,4.68,2.38,3.49,2.1,4.71,0.77,44
29.501,4,949C,3.37,3.8,1.99,1.82,DBA4,0.52,5.3,2.12,2.05,4818,0.65,2.49,2.1,3.0,5303,5.08,6.6,2.29,4.01,2.07,4.63,0.82,38
29.561,4,949C,3.37,3.8,1.99,1.82,DBA4,0.52,5.3,2.12,2.09,4B05,2.07,6.9,2.01,2.77,4818,0.65,2.49,2.1,3.04,2.15,4.6,0.78,31
29.837,4,949C,3.37,3.8,1.99,1.85,DBA4,0.52,5.3,2.12,2.0,4818,0.65,2.49,2.1,3.1,870E,5.08,4.68,2.38,3.48,2.11,4.69,0.78,46
29.896,4,949C,3.37,3.8,1.99,1.85,DBA4,0.52,5.3,2.12,2.0,4818,0.65,2.49,2.1,3.06,5303,5.08,6.6,2.29,4.2,2.13,4.75,0.86,42
29.956,4,949C,3.37,3.8,1.99,1.88,DBA4,0.52,5.3,2.12,2.03,4818,0.65,2.49,2.1,2.96,5303,5.08,6.6,2.29,4.09,2.13,4.76,0.89,41
30.056,4,949C,3.37,3.8,1.99,1.87,DBA4,0.52,5.3,2.12,2.03,4818,0.65,2.49,2.1,3.04,5303,5.08,6.6,2.29,4.18,2.15,4.79,0.93,41
30.155,4,949C,3.37,3.8,1.99,1.82,DBA4,0.52,5.3,2.12,2.03,4818,0.65,2.49,2.1,2.99,5303,5.08,6.6,2.29,4.11,2.16,4.8,0.96,41
30.261,4,949C,3.37,3.8,1.99,1.84,DBA4,0.52,5.3,2.12,2.03,4818,0.65,2.49,2.1,2.95,5303,5.08,6.6,2.29,4.08,2.16,4.8,0.98,41
30.357,4,949C,3.37,3.8,1.99,1.81,DBA4,0.52,5.3,2.12,2.03,4818,0.65,2.49,2.1,2.97,5303,5.08,6.6,2.29,4.12,2.16,4.8,1.0,41
30.452,4,949C,3.37,3.8,1.99,1.8,DBA4,0.52,5.3,2.12,2.05,4818,0.65,2.49,2.1,3.04,5303,5.08,6.6,2.29,4.0,2.12,4.7,1.0,39
30.547,4,949C,3.37,3.8,1.99,1.82,DBA4,0.52,5.3,2.12,2.07,4818,0.65,2.49,2.1,3.05,5303,5.08,6.6,2.29,4.11,2.15,4.75,1.02,38
30.64,4,949C,3.37,3.8,1.99,1.87,DBA4,0.52,5.3,2.12,2.12,4818,0.65,2.49,2.1,3.02,5303,5.08,6.6,2.29,4.06,2.16,4.76,0.99,44
30.734,4,949C,3.37,3.8,1.99,1.82,DBA4,0.52,5.3,2.12,2.14,4818,0.65,2.49,2.1,3.01,5303,5.08,6.6,2.29,3.96,2.14,4.68,0.97,33
30.766,4,949C,3.37,3.8,1.99,1.88,DBA4,0.52,5.3,2.12,2.07,4818,0.65,2.49,2.1,3.08,5303,5.08,6.6,2.29,4.09,2.09,4.6,0.96,33
30.863,4,949C,3.37,3.8,1.99,1.9,DBA4,0.52,5.3,2.12,2.0,4818,0.65,2.49,2.1,3.08,870E,5.08,4.68,2.38,3.43,2.07,4.69,0.93,45
31.033,4,949C,3.37,3.8,1.99,1.84,DBA4,0.52,5.3,2.12,2.04,4B05,2.07,6.9,2.01,2.78,4818,0.65,2.49,2.1,2.96,2.13,4.64,0.86,30
31.064,4,949C,3.37,3.8,1.99,1.8,DBA4,0.52,5.3,2.12,2.04,4818,0.65,2.49,2.1,3.04,870E,5.08,4.68,2.38,3.42,2.1,4.7,0.85,44
31.161,4,949C,3.37,3.8,1.99,1.85,DBA4,0.52,5.3,2.12,2.05,4818,0.65,2.49,2.1,3.05,5303,5.08,6.6,2.29,4.04,2.07,4.63,0.88,36
31.333,4,949C,3.37,3.8,1.99,1.83,DBA4,0.52,5.3,2.12,2.08,4B05,2.07,6.9,2.01,2.74,4818,0.65,2.49,2.1,2.99,2.13,4.6,0.83,30
31.431,4,949C,3.37,3.8,1.99,1.88,DBA4,0.52,5.3,2.12,2.03,4818,0.65,2.49,2.1,3.08,870E,5.08,4.68,2.38,3.43,2.11,4.68,0.83,45
31.46,4,949C,3.37,3.8,1.99,1.82,DBA4,0.52,5.3,2.12,2.02,4818,0.65,2.49,2.1,3.04,5303,5.08,6.6,2.29,4.09,2.13,4.73,0.89,41
31.63,4,949C,3.37,3.8,1.99,1.8,DBA4,0.52,5.3,2.12,2.05,4818,0.65,2.49,2.1,3.04,5303,5.08,6.6,2.29,3.98,2.1,4.66,0.92,40
31.729,4,949C,3.37,3.8,1.99,1.88,DBA4,0.52,5.3,2.12,2.05,4818,0.65,2.49,2.1,2.99,870E,5.08,4.68,2.38,3.44,2.08,4.7,0.89,42
31.84,4,949C,3.37,3.8,1.99,1.85,DBA4,0.52,5.3,2.12,2.08,4818,0.65,2.49,2.1,2.96,5303,5.08,6.6,2.29,4.12,2.1,4.71,0.91,41
31.917,4,949C,3.37,3.8,1.99,1.83,DBA4,0.52,5.3,2.12,2.03,4818,0.65,2.49,2.1,3.01,5303,5.08,6.6,2.29,4.05,2.12,4.75,0.95,40
32.04,4,949C,3.37,3.8,1.99,1.81,DBA4,0.52,5.3,2.12,2.03,4818,0.65,2.49,2.1,3.02,5303,5.08,6.6,2.29,4.07,2.15,4.78,0.99,40